Source File	Size	loadResources	load	generateSnapshots	load-configure	scan	loadDepInfo	loadInfo	checkR4R4B	generateNarratives	validate	loadLists	checkConformanceResources	checkConformanceResources2	checkConformanceResources3	generateLogicalMaps	validateExpressions	scanForUsageStats	checkURLsUnique	processProvenanceDetails	generate1	generate2	generateLogicals	makeDependencies	generateExampleZip	generateValidationPack	scanProfilesForR5	scanExamplesForR5
/fsh-generated/resources/ImplementationGuide-ans.fhir.fr.mesures.json	21556	-	0	0	0	0	0	0	18	61	0	0	0	0	0	0	0	1	0	0	108	178	0	0	0	5	0	1
fsh-generated/resources/Bundle-example-mes-fr-bundle-bio-003.json	15096	12	18	0	1	0	0	0	3	4908	0	0	0	0	0	0	0	0	0	0	54	72	0	0	0	0	0	0
fsh-generated/resources/Bundle-example-mes-fr-bundle-body-weight.json	3487	7	9	0	0	0	0	0	0	2400	0	0	0	0	0	0	0	0	0	0	17	31	0	0	0	0	0	0
fsh-generated/resources/Device-example-mes-fr-phd-device-001.json	3925	6	0	0	0	0	0	0	1	7	0	0	0	0	0	0	0	0	0	0	16	26	0	0	0	0	0	0
fsh-generated/resources/DiagnosticReport-example-mes-fr-diagnostic-report-cholesterol-003.json	896	7	0	0	0	0	0	0	0	4	0	0	0	0	0	0	0	0	0	0	14	30	0	0	0	0	0	0
fsh-generated/resources/Observation-645f7341-715f-44fb-87e9-93f2e7d125a5.json	2049	5	0	0	0	0	0	0	0	256	0	0	0	0	0	0	0	0	0	0	12	27	0	0	0	0	0	0
fsh-generated/resources/Observation-7b166d82-27b6-4878-9765-3fe101618edf.json	1905	6	0	0	0	0	0	0	1	282	0	0	0	0	0	0	0	0	0	0	13	24	0	0	0	0	0	0
fsh-generated/resources/Observation-8057b6ec-1417-4f1f-9a00-b0c46e7e71b1.json	2226	5	0	0	0	0	0	0	0	3	0	0	0	0	0	0	0	0	0	0	14	16	0	0	0	0	0	0
fsh-generated/resources/Observation-9bd2b013-27b0-4283-aa9e-fe7a5e0c6f1e.json	1906	6	0	0	0	0	0	0	1	257	0	0	0	0	0	0	0	0	0	0	12	16	0	0	0	0	0	0
fsh-generated/resources/Observation-b7a049e3-c07e-4e1c-95a5-909da37f75ce.json	2046	5	0	0	0	0	0	0	0	283	0	0	0	0	0	0	0	0	0	0	15	15	0	0	0	0	0	0
fsh-generated/resources/Observation-example-mes-fr-observation-bmi-001.json	1076	6	0	0	1	0	0	0	0	1363	0	0	0	0	0	0	0	0	0	0	11	14	0	0	0	0	0	0
fsh-generated/resources/Observation-example-mes-fr-observation-body-height-001.json	836	6	0	0	0	0	0	0	0	1300	0	0	0	0	0	0	0	0	0	0	11	15	0	0	0	0	0	1
fsh-generated/resources/Observation-example-mes-fr-observation-body-temperature-001.json	871	5	0	0	0	0	0	0	1	1570	0	0	0	0	0	0	0	0	0	0	11	13	0	0	0	0	0	0
fsh-generated/resources/Observation-example-mes-fr-observation-body-weight-001.json	1218	5	0	0	0	0	0	0	0	943	0	0	0	0	0	0	0	0	0	0	11	13	0	0	0	0	0	0
fsh-generated/resources/Observation-example-mes-fr-observation-bp-001.json	2674	5	0	0	0	0	0	0	0	1577	0	0	0	0	0	0	0	0	0	0	15	19	0	0	0	0	0	0
fsh-generated/resources/Observation-example-mes-fr-observation-glucose-001.json	2228	6	0	0	0	0	0	0	1	2	0	0	0	0	0	0	0	0	0	0	13	15	0	0	0	0	0	0
fsh-generated/resources/Observation-example-mes-fr-observation-hb1ac-001.json	1128	5	0	0	0	0	0	0	0	1436	0	0	0	0	0	0	0	0	0	0	11	20	0	0	0	0	0	0
fsh-generated/resources/Observation-example-mes-fr-observation-head-circumference-001.json	950	5	0	0	0	0	0	0	0	989	0	0	0	0	0	0	0	0	0	0	11	14	0	0	0	0	0	0
fsh-generated/resources/Observation-example-mes-fr-observation-heartrate-001.json	872	5	0	0	0	0	0	0	0	1410	0	0	0	0	0	0	0	0	0	0	11	11	0	0	0	0	0	0
fsh-generated/resources/Observation-example-mes-fr-observation-oxygen-sat-001.json	924	5	0	0	0	0	0	0	0	1	0	0	0	0	0	0	0	0	0	0	11	11	0	0	0	0	0	0
fsh-generated/resources/Observation-example-mes-fr-observation-pain-severity-001.json	1052	10	0	0	0	0	0	0	0	1475	0	0	0	0	0	0	0	1	0	0	11	11	0	0	0	0	0	0
fsh-generated/resources/Observation-example-mes-fr-observation-resp-rate-001.json	836	6	0	0	1	0	0	0	1	940	0	0	0	0	0	0	0	0	0	0	10	10	0	0	0	0	0	0
fsh-generated/resources/Observation-example-mes-fr-observation-steps-by-day-001.json	1070	5	0	0	0	0	0	0	0	1344	0	0	0	0	0	0	0	0	0	0	11	13	0	0	0	0	0	0
fsh-generated/resources/Observation-example-mes-fr-observation-waist-circum-001.json	1068	5	0	0	0	0	0	0	0	864	0	0	0	0	0	0	0	0	0	0	10	10	0	0	0	0	0	0
fsh-generated/resources/Patient-example-mes-fr-patient-001.json	1069	5	0	0	0	0	0	0	0	2	0	0	0	0	0	0	0	0	0	0	11	16	0	0	0	0	0	0
fsh-generated/resources/Practitioner-example-mes-fr-practitionner-001.json	634	5	0	0	0	0	0	0	0	0	0	0	0	0	0	0	0	0	0	0	9	10	0	0	0	0	0	0
fsh-generated/resources/StructureDefinition-mesures-bundle-flux-alimentation-biologie.json	9267	7	0	482	0	0	0	0	1	112	0	0	1	0	0	0	0	3	0	0	615	2007	0	1	0	41	0	1
fsh-generated/resources/StructureDefinition-mesures-bundle-flux-alimentation.json	4131	6	0	685	0	0	0	0	0	25	0	0	0	0	0	0	0	0	0	0	235	763	0	0	0	12	0	1
fsh-generated/resources/StructureDefinition-mesures-diagnostic-report.json	4154	6	0	33	0	0	0	0	0	20	0	0	0	0	0	0	0	1	0	0	112	280	0	0	0	6	0	0
fsh-generated/resources/StructureDefinition-mesures-fr-observation-bmi.json	3620	5	0	48	1	0	0	0	0	48	0	0	1	0	0	0	0	1	0	0	247	549	0	0	0	14	1	1
fsh-generated/resources/StructureDefinition-mesures-fr-observation-body-temperature.json	5459	6	0	46	0	0	0	0	0	37	0	0	0	0	0	0	0	1	0	0	333	1763	0	0	0	21	0	1
fsh-generated/resources/StructureDefinition-mesures-fr-observation-body-weight.json	4706	11	0	43	0	0	0	0	0	41	0	0	0	0	0	0	0	1	0	0	237	1009	0	0	0	15	0	1
fsh-generated/resources/StructureDefinition-mesures-fr-observation-bodyheight.json	4836	9	0	43	0	0	0	0	1	26	0	0	0	0	0	0	0	1	0	0	234	1798	0	0	0	15	0	0
fsh-generated/resources/StructureDefinition-mesures-fr-observation-bp.json	5491	6	0	52	0	0	0	0	0	55	0	0	1	0	0	0	0	2	0	0	389	1907	0	0	0	23	1	1
fsh-generated/resources/StructureDefinition-mesures-fr-observation-heartrate.json	5488	6	0	45	0	0	0	0	0	27	0	0	0	0	0	0	0	1	0	0	250	2042	0	0	0	16	0	1
fsh-generated/resources/StructureDefinition-mesures-fr-observation-oxygen-sat.json	5247	6	0	45	1	0	0	0	0	26	0	0	0	0	0	0	0	1	0	0	246	671	0	0	0	16	0	1
fsh-generated/resources/StructureDefinition-mesures-fr-observation-resp-rate.json	3817	5	0	71	0	0	0	0	0	24	0	0	0	0	0	0	0	1	0	0	207	385	0	0	0	12	0	1
fsh-generated/resources/StructureDefinition-mesures-moment-of-measurement.json	1732	6	0	27	0	0	0	0	0	16	0	0	0	0	0	0	0	0	0	0	52	98	0	0	0	3	0	0
fsh-generated/resources/StructureDefinition-mesures-number-of-days.json	1697	5	0	28	0	0	0	0	0	10	0	0	0	0	0	0	0	0	0	0	37	80	0	0	0	2	1	0
fsh-generated/resources/StructureDefinition-mesures-observation-cholesterol-aspect.json	6001	6	0	20	0	0	0	0	1	23	0	0	0	0	0	0	0	1	0	0	200	4805	0	0	0	12	0	0
fsh-generated/resources/StructureDefinition-mesures-observation-cholesterol-hdl.json	7836	6	0	29	1	0	0	0	0	28	0	0	0	0	0	0	0	1	0	0	228	307	0	1	0	14	0	1
fsh-generated/resources/StructureDefinition-mesures-observation-cholesterol-ldl.json	7836	7	0	26	0	0	0	0	0	41	0	0	0	0	0	0	0	1	0	0	228	295	0	0	0	14	0	0
fsh-generated/resources/StructureDefinition-mesures-observation-cholesterol-total.json	7680	7	0	20	0	0	0	0	0	30	0	0	1	0	0	0	0	1	0	0	227	303	0	0	0	15	0	1
fsh-generated/resources/StructureDefinition-mesures-observation-cholesterol-trigly.json	7590	6	0	16	0	0	0	0	1	660	0	0	0	0	0	0	0	0	0	0	229	290	0	0	0	13	0	1
fsh-generated/resources/StructureDefinition-mesures-observation-glucose.json	9748	7	0	20	0	0	0	0	0	42	0	0	0	0	0	0	0	2	0	0	290	1916	0	0	0	17	0	0
fsh-generated/resources/StructureDefinition-mesures-observation-hb1ac.json	6327	6	0	51	0	0	0	0	0	47	0	0	0	0	0	0	0	0	0	0	247	798	0	0	0	15	0	1
fsh-generated/resources/StructureDefinition-mesures-observation-head-circumference.json	5454	5	0	24	0	0	0	0	0	37	0	0	0	0	0	0	0	1	0	0	221	957	0	0	0	13	0	1
fsh-generated/resources/StructureDefinition-mesures-observation-pain-severity.json	6772	6	0	20	0	0	0	0	0	64	0	0	0	0	0	0	0	1	0	0	244	4538	0	0	0	21	1	0
fsh-generated/resources/StructureDefinition-mesures-observation-steps-by-day.json	6200	7	0	20	0	0	0	0	1	49	0	0	0	0	0	0	0	1	0	0	258	590	0	0	0	14	0	1
fsh-generated/resources/StructureDefinition-mesures-observation-waist-circumference.json	5735	6	0	18	1	0	0	0	0	34	0	0	0	0	0	0	0	1	0	0	230	362	0	0	0	14	0	1
fsh-generated/resources/StructureDefinition-mesures-original-data.json	4280	6	0	9	0	0	0	0	0	16	0	0	0	0	0	0	0	1	0	0	78	93	0	0	0	4	0	0
fsh-generated/resources/StructureDefinition-mesures-reason-for-measurement.json	1383	5	0	5	0	0	0	0	0	7	0	0	0	0	0	0	0	0	0	0	29	57	0	0	0	1	0	0
fsh-generated/resources/ValueSet-method-glucose-vs.json	597	5	0	0	0	0	0	0	0	105	0	0	0	0	0	0	0	0	0	0	12	407	0	0	0	0	0	0
/fsh-generated/includes/fsh-link-references.md	4751	-	-	-	0	0	0	0	0	0	0	0	0	0	0	0	0	0	0	0	0	0	0	0	0	0	0	0
/fsh-generated/includes/menu.xml	3083	-	-	-	0	0	0	0	0	0	0	0	0	0	0	0	0	0	0	0	0	0	0	0	0	0	0	0
/input/data/features.yml	166	-	-	-	0	0	0	0	0	0	0	0	0	0	0	0	0	0	0	0	0	0	0	0	0	0	0	0
/input/pagecontent/flux-alimentation-signes-vitaux.md	15715	-	-	-	0	0	0	0	0	0	0	0	0	0	0	0	0	0	0	0	0	1	0	0	0	0	0	0
/input/pagecontent/profils-signes-vitaux.md	1032	-	-	-	0	0	0	0	0	0	0	0	0	0	0	0	0	0	0	0	0	0	0	0	0	0	0	0
/input/pagecontent/Le-profil-FHIR-des-objets-connectes.md	937	-	-	-	0	0	0	0	0	0	0	0	0	0	0	0	0	0	0	0	0	1	0	0	0	0	0	0
/input/pagecontent/Terminologies.md	8665	-	-	-	0	0	0	0	0	0	0	0	0	0	0	0	0	0	0	0	0	963	0	0	0	0	0	0
/input/pagecontent/changes.md	5072	-	-	-	0	0	0	0	0	0	0	0	0	0	0	0	0	0	0	0	0	0	0	0	0	0	0	0
/input/pagecontent/construction_des_flux.md	224	-	-	-	0	0	0	0	0	0	0	0	0	0	0	0	0	0	0	0	0	0	0	0	0	0	0	0
/input/pagecontent/downloads.md	1009	-	-	-	0	0	0	0	0	0	0	0	0	0	0	0	0	0	0	0	0	0	0	0	0	0	0	0
/input/pagecontent/index.md	7271	-	-	-	0	0	0	0	0	0	0	0	0	0	0	0	0	0	0	0	0	5	0	0	0	0	0	0
/input/pagecontent/profils-biologie.md	3430	-	-	-	0	0	0	0	0	0	0	0	0	0	0	0	0	0	0	0	0	1	0	0	0	0	0	0
/input/pagecontent/autres_ressources.md	0	-	-	-	0	0	0	0	0	0	0	0	0	0	0	0	0	0	0	0	0	0	0	0	0	0	0	0
/template/config	0	-	-	-	0	0	0	0	0	0	0	0	0	0	0	0	0	0	0	0	0	1	0	0	0	0	0	0
/template/config/_config.yml	31	-	-	-	0	0	0	0	0	0	0	0	0	0	0	0	0	0	0	0	0	0	0	0	0	0	0	0
/input/images	0	-	-	-	0	0	0	0	0	0	0	0	0	0	0	0	0	0	0	0	0	0	0	0	0	0	0	0
/input/images/schemaProfilsMES.png	389365	-	-	-	0	0	0	0	0	0	0	0	0	0	0	0	0	0	0	0	0	0	0	0	0	0	0	0
/input/images/ci-sis-logo.png	61365	-	-	-	0	0	0	0	0	0	0	0	0	0	0	0	0	0	0	0	0	0	0	0	0	0	0	0
/temp/pages/_includes/artifacts.xml	25185	-	-	-	-	-	-	-	-	-	-	-	-	-	-	-	-	-	-	-	-	1	0	0	0	0	0	0
